id,IMG,Departamento,Departamentos_airtable
1,http://dummyimage.com/166x100.png/ff4444/ffffff,575,1
2,http://dummyimage.com/241x100.png/ff4444/ffffff,584,2
3,http://dummyimage.com/189x100.png/5fa2dd/ffffff,160,3
4,http://dummyimage.com/131x100.png/dddddd/000000,456,4
5,http://dummyimage.com/138x100.png/5fa2dd/ffffff,922,5
6,http://dummyimage.com/130x100.png/dddddd/000000,758,6
7,http://dummyimage.com/232x100.png/ff4444/ffffff,78,7
8,http://dummyimage.com/239x100.png/cc0000/ffffff,607,8
9,http://dummyimage.com/190x100.png/dddddd/000000,342,9
10,http://dummyimage.com/192x100.png/dddddd/000000,877,10
11,http://dummyimage.com/105x100.png/ff4444/ffffff,76,11
12,http://dummyimage.com/204x100.png/5fa2dd/ffffff,468,12
13,http://dummyimage.com/215x100.png/5fa2dd/ffffff,435,13
14,http://dummyimage.com/187x100.png/dddddd/000000,157,14
15,http://dummyimage.com/128x100.png/cc0000/ffffff,448,15
16,http://dummyimage.com/143x100.png/dddddd/000000,656,16
17,http://dummyimage.com/226x100.png/dddddd/000000,971,17
18,http://dummyimage.com/192x100.png/5fa2dd/ffffff,982,18
19,http://dummyimage.com/195x100.png/ff4444/ffffff,745,19
20,http://dummyimage.com/233x100.png/ff4444/ffffff,341,20
21,http://dummyimage.com/133x100.png/ff4444/ffffff,321,21
22,http://dummyimage.com/217x100.png/ff4444/ffffff,269,22
23,http://dummyimage.com/205x100.png/5fa2dd/ffffff,896,23
24,http://dummyimage.com/222x100.png/5fa2dd/ffffff,81,24
25,http://dummyimage.com/163x100.png/dddddd/000000,88,25
26,http://dummyimage.com/215x100.png/ff4444/ffffff,157,26
27,http://dummyimage.com/143x100.png/ff4444/ffffff,44,27
28,http://dummyimage.com/111x100.png/5fa2dd/ffffff,650,28
29,http://dummyimage.com/240x100.png/5fa2dd/ffffff,160,29
30,http://dummyimage.com/134x100.png/ff4444/ffffff,489,30
31,http://dummyimage.com/196x100.png/cc0000/ffffff,8,31
32,http://dummyimage.com/148x100.png/cc0000/ffffff,143,32
33,http://dummyimage.com/151x100.png/5fa2dd/ffffff,493,33
34,http://dummyimage.com/122x100.png/ff4444/ffffff,281,34
35,http://dummyimage.com/244x100.png/ff4444/ffffff,486,35
36,http://dummyimage.com/122x100.png/cc0000/ffffff,438,36
37,http://dummyimage.com/155x100.png/dddddd/000000,780,37
38,http://dummyimage.com/149x100.png/cc0000/ffffff,724,38
39,http://dummyimage.com/218x100.png/dddddd/000000,634,39
40,http://dummyimage.com/223x100.png/5fa2dd/ffffff,554,40
41,http://dummyimage.com/137x100.png/ff4444/ffffff,783,41
42,http://dummyimage.com/190x100.png/5fa2dd/ffffff,923,42
43,http://dummyimage.com/226x100.png/ff4444/ffffff,959,43
44,http://dummyimage.com/148x100.png/5fa2dd/ffffff,366,44
45,http://dummyimage.com/225x100.png/cc0000/ffffff,836,45
46,http://dummyimage.com/238x100.png/5fa2dd/ffffff,447,46
47,http://dummyimage.com/233x100.png/ff4444/ffffff,336,47
48,http://dummyimage.com/193x100.png/dddddd/000000,291,48
49,http://dummyimage.com/189x100.png/cc0000/ffffff,785,49
50,http://dummyimage.com/233x100.png/ff4444/ffffff,62,50
51,http://dummyimage.com/245x100.png/cc0000/ffffff,482,51
52,http://dummyimage.com/123x100.png/ff4444/ffffff,802,52
53,http://dummyimage.com/172x100.png/cc0000/ffffff,627,53
54,http://dummyimage.com/225x100.png/5fa2dd/ffffff,342,54
55,http://dummyimage.com/109x100.png/ff4444/ffffff,255,55
56,http://dummyimage.com/141x100.png/5fa2dd/ffffff,51,56
57,http://dummyimage.com/104x100.png/dddddd/000000,683,57
58,http://dummyimage.com/173x100.png/dddddd/000000,625,58
59,http://dummyimage.com/113x100.png/ff4444/ffffff,673,59
60,http://dummyimage.com/185x100.png/cc0000/ffffff,768,60
61,http://dummyimage.com/222x100.png/cc0000/ffffff,359,61
62,http://dummyimage.com/207x100.png/ff4444/ffffff,730,62
63,http://dummyimage.com/158x100.png/ff4444/ffffff,934,63
64,http://dummyimage.com/146x100.png/cc0000/ffffff,670,64
65,http://dummyimage.com/149x100.png/5fa2dd/ffffff,456,65
66,http://dummyimage.com/223x100.png/ff4444/ffffff,657,66
67,http://dummyimage.com/220x100.png/cc0000/ffffff,586,67
68,http://dummyimage.com/202x100.png/dddddd/000000,419,68
69,http://dummyimage.com/140x100.png/cc0000/ffffff,388,69
70,http://dummyimage.com/127x100.png/cc0000/ffffff,194,70
71,http://dummyimage.com/152x100.png/ff4444/ffffff,678,71
72,http://dummyimage.com/168x100.png/dddddd/000000,642,72
73,http://dummyimage.com/157x100.png/5fa2dd/ffffff,888,73
74,http://dummyimage.com/183x100.png/ff4444/ffffff,39,74
75,http://dummyimage.com/234x100.png/ff4444/ffffff,720,75
76,http://dummyimage.com/109x100.png/cc0000/ffffff,956,76
77,http://dummyimage.com/170x100.png/dddddd/000000,10,77
78,http://dummyimage.com/148x100.png/ff4444/ffffff,343,78
79,http://dummyimage.com/186x100.png/cc0000/ffffff,511,79
80,http://dummyimage.com/139x100.png/cc0000/ffffff,633,80
81,http://dummyimage.com/250x100.png/cc0000/ffffff,565,81
82,http://dummyimage.com/152x100.png/dddddd/000000,955,82
83,http://dummyimage.com/199x100.png/ff4444/ffffff,4,83
84,http://dummyimage.com/149x100.png/dddddd/000000,862,84
85,http://dummyimage.com/108x100.png/ff4444/ffffff,535,85
86,http://dummyimage.com/100x100.png/cc0000/ffffff,482,86
87,http://dummyimage.com/122x100.png/cc0000/ffffff,717,87
88,http://dummyimage.com/238x100.png/ff4444/ffffff,546,88
89,http://dummyimage.com/102x100.png/5fa2dd/ffffff,207,89
90,http://dummyimage.com/115x100.png/cc0000/ffffff,466,90
91,http://dummyimage.com/174x100.png/5fa2dd/ffffff,438,91
92,http://dummyimage.com/127x100.png/ff4444/ffffff,110,92
93,http://dummyimage.com/233x100.png/dddddd/000000,33,93
94,http://dummyimage.com/110x100.png/dddddd/000000,432,94
95,http://dummyimage.com/207x100.png/ff4444/ffffff,334,95
96,http://dummyimage.com/227x100.png/ff4444/ffffff,133,96
97,http://dummyimage.com/117x100.png/cc0000/ffffff,441,97
98,http://dummyimage.com/182x100.png/ff4444/ffffff,16,98
99,http://dummyimage.com/144x100.png/dddddd/000000,604,99
100,http://dummyimage.com/235x100.png/dddddd/000000,377,100
101,http://dummyimage.com/216x100.png/5fa2dd/ffffff,613,101
102,http://dummyimage.com/141x100.png/dddddd/000000,716,102
103,http://dummyimage.com/232x100.png/dddddd/000000,344,103
104,http://dummyimage.com/188x100.png/cc0000/ffffff,159,104
105,http://dummyimage.com/165x100.png/5fa2dd/ffffff,952,105
106,http://dummyimage.com/227x100.png/5fa2dd/ffffff,617,106
107,http://dummyimage.com/148x100.png/5fa2dd/ffffff,105,107
108,http://dummyimage.com/118x100.png/ff4444/ffffff,29,108
109,http://dummyimage.com/200x100.png/5fa2dd/ffffff,308,109
110,http://dummyimage.com/166x100.png/dddddd/000000,193,110
111,http://dummyimage.com/189x100.png/cc0000/ffffff,862,111
112,http://dummyimage.com/202x100.png/cc0000/ffffff,757,112
113,http://dummyimage.com/113x100.png/cc0000/ffffff,833,113
114,http://dummyimage.com/203x100.png/5fa2dd/ffffff,51,114
115,http://dummyimage.com/218x100.png/cc0000/ffffff,84,115
116,http://dummyimage.com/248x100.png/dddddd/000000,268,116
117,http://dummyimage.com/141x100.png/dddddd/000000,53,117
118,http://dummyimage.com/213x100.png/ff4444/ffffff,710,118
119,http://dummyimage.com/133x100.png/dddddd/000000,196,119
120,http://dummyimage.com/164x100.png/5fa2dd/ffffff,636,120
121,http://dummyimage.com/101x100.png/ff4444/ffffff,363,121
122,http://dummyimage.com/200x100.png/dddddd/000000,689,122
123,http://dummyimage.com/237x100.png/ff4444/ffffff,648,123
124,http://dummyimage.com/240x100.png/ff4444/ffffff,681,124
125,http://dummyimage.com/157x100.png/5fa2dd/ffffff,505,125
126,http://dummyimage.com/110x100.png/5fa2dd/ffffff,107,126
127,http://dummyimage.com/103x100.png/cc0000/ffffff,115,127
128,http://dummyimage.com/100x100.png/cc0000/ffffff,968,128
129,http://dummyimage.com/161x100.png/cc0000/ffffff,868,129
130,http://dummyimage.com/128x100.png/5fa2dd/ffffff,566,130
131,http://dummyimage.com/147x100.png/5fa2dd/ffffff,406,131
132,http://dummyimage.com/202x100.png/5fa2dd/ffffff,214,132
133,http://dummyimage.com/139x100.png/dddddd/000000,961,133
134,http://dummyimage.com/224x100.png/ff4444/ffffff,258,134
135,http://dummyimage.com/116x100.png/dddddd/000000,227,135
136,http://dummyimage.com/121x100.png/ff4444/ffffff,941,136
137,http://dummyimage.com/177x100.png/cc0000/ffffff,916,137
138,http://dummyimage.com/219x100.png/ff4444/ffffff,945,138
139,http://dummyimage.com/157x100.png/ff4444/ffffff,944,139
140,http://dummyimage.com/173x100.png/dddddd/000000,730,140
141,http://dummyimage.com/183x100.png/cc0000/ffffff,692,141
142,http://dummyimage.com/184x100.png/ff4444/ffffff,440,142
143,http://dummyimage.com/105x100.png/5fa2dd/ffffff,865,143
144,http://dummyimage.com/127x100.png/dddddd/000000,779,144
145,http://dummyimage.com/219x100.png/cc0000/ffffff,511,145
146,http://dummyimage.com/178x100.png/ff4444/ffffff,497,146
147,http://dummyimage.com/170x100.png/cc0000/ffffff,899,147
148,http://dummyimage.com/171x100.png/ff4444/ffffff,872,148
149,http://dummyimage.com/123x100.png/5fa2dd/ffffff,630,149
150,http://dummyimage.com/242x100.png/dddddd/000000,348,150
151,http://dummyimage.com/133x100.png/5fa2dd/ffffff,687,151
152,http://dummyimage.com/200x100.png/cc0000/ffffff,253,152
153,http://dummyimage.com/185x100.png/cc0000/ffffff,607,153
154,http://dummyimage.com/212x100.png/ff4444/ffffff,593,154
155,http://dummyimage.com/214x100.png/5fa2dd/ffffff,470,155
156,http://dummyimage.com/118x100.png/ff4444/ffffff,287,156
157,http://dummyimage.com/101x100.png/dddddd/000000,75,157
158,http://dummyimage.com/184x100.png/cc0000/ffffff,425,158
159,http://dummyimage.com/218x100.png/dddddd/000000,401,159
160,http://dummyimage.com/174x100.png/dddddd/000000,727,160
161,http://dummyimage.com/161x100.png/5fa2dd/ffffff,620,161
162,http://dummyimage.com/152x100.png/ff4444/ffffff,928,162
163,http://dummyimage.com/232x100.png/cc0000/ffffff,821,163
164,http://dummyimage.com/230x100.png/ff4444/ffffff,230,164
165,http://dummyimage.com/234x100.png/ff4444/ffffff,358,165
166,http://dummyimage.com/200x100.png/5fa2dd/ffffff,842,166
167,http://dummyimage.com/114x100.png/cc0000/ffffff,539,167
168,https://i.pinimg.com/originals/73/50/db/7350dbd722d3c941b9ec37de8012e499.jpg,814,168
169,http://dummyimage.com/190x100.png/dddddd/000000,429,169
170,http://dummyimage.com/174x100.png/ff4444/ffffff,907,170
171,http://dummyimage.com/160x100.png/dddddd/000000,536,171
172,http://dummyimage.com/196x100.png/5fa2dd/ffffff,453,172
173,http://dummyimage.com/153x100.png/5fa2dd/ffffff,367,173
174,http://dummyimage.com/234x100.png/dddddd/000000,914,174
175,http://dummyimage.com/151x100.png/5fa2dd/ffffff,185,175
176,http://dummyimage.com/177x100.png/5fa2dd/ffffff,680,176
177,http://dummyimage.com/130x100.png/cc0000/ffffff,922,177
178,http://dummyimage.com/169x100.png/dddddd/000000,739,178
179,http://dummyimage.com/203x100.png/dddddd/000000,208,179
180,http://dummyimage.com/250x100.png/5fa2dd/ffffff,737,180
181,http://dummyimage.com/175x100.png/5fa2dd/ffffff,744,181
182,http://dummyimage.com/134x100.png/dddddd/000000,780,182
183,http://dummyimage.com/148x100.png/dddddd/000000,348,183
184,http://dummyimage.com/243x100.png/dddddd/000000,909,184
185,http://dummyimage.com/240x100.png/ff4444/ffffff,921,185
186,http://dummyimage.com/119x100.png/ff4444/ffffff,684,186
187,http://dummyimage.com/151x100.png/ff4444/ffffff,710,187
188,http://dummyimage.com/250x100.png/cc0000/ffffff,109,188
189,http://dummyimage.com/203x100.png/ff4444/ffffff,624,189
190,http://dummyimage.com/169x100.png/ff4444/ffffff,201,190
191,http://dummyimage.com/171x100.png/dddddd/000000,220,191
192,http://dummyimage.com/166x100.png/5fa2dd/ffffff,627,192
193,http://dummyimage.com/150x100.png/ff4444/ffffff,868,193
194,http://dummyimage.com/224x100.png/dddddd/000000,900,194
195,http://dummyimage.com/221x100.png/ff4444/ffffff,620,195
196,http://dummyimage.com/206x100.png/dddddd/000000,7,196
197,http://dummyimage.com/173x100.png/5fa2dd/ffffff,890,197
198,http://dummyimage.com/160x100.png/5fa2dd/ffffff,479,198
199,http://dummyimage.com/139x100.png/cc0000/ffffff,655,199
200,http://dummyimage.com/153x100.png/cc0000/ffffff,115,200
201,http://dummyimage.com/177x100.png/5fa2dd/ffffff,814,201
202,http://dummyimage.com/149x100.png/dddddd/000000,452,202
203,http://dummyimage.com/238x100.png/cc0000/ffffff,219,203
204,https://encrypted-tbn0.gstatic.com/images?q=tbn:ANd9GcRocA1EH_nzYOSYzIB2PXHRgxU313eNCed25_pGEuWRWT3BLFqWwAQvCKHkU3F3kbBml9s&usqp=CAU,113,204
205,http://dummyimage.com/107x100.png/dddddd/000000,869,205
206,http://dummyimage.com/103x100.png/cc0000/ffffff,476,206
207,http://dummyimage.com/200x100.png/ff4444/ffffff,867,207
208,http://dummyimage.com/172x100.png/5fa2dd/ffffff,431,208
209,http://dummyimage.com/249x100.png/5fa2dd/ffffff,967,209
210,http://dummyimage.com/240x100.png/ff4444/ffffff,486,210
211,http://dummyimage.com/147x100.png/cc0000/ffffff,663,211
212,http://dummyimage.com/142x100.png/ff4444/ffffff,743,212
213,http://dummyimage.com/148x100.png/dddddd/000000,246,213
214,http://dummyimage.com/140x100.png/5fa2dd/ffffff,623,214
215,http://dummyimage.com/179x100.png/5fa2dd/ffffff,837,215
216,http://dummyimage.com/182x100.png/dddddd/000000,649,216
217,http://dummyimage.com/233x100.png/5fa2dd/ffffff,321,217
218,http://dummyimage.com/112x100.png/dddddd/000000,743,218
219,http://dummyimage.com/240x100.png/cc0000/ffffff,508,219
220,http://dummyimage.com/173x100.png/5fa2dd/ffffff,388,220
221,http://dummyimage.com/111x100.png/5fa2dd/ffffff,219,221
222,http://dummyimage.com/142x100.png/cc0000/ffffff,432,222
223,http://dummyimage.com/230x100.png/dddddd/000000,277,223
224,http://dummyimage.com/247x100.png/dddddd/000000,427,224
225,http://dummyimage.com/144x100.png/5fa2dd/ffffff,957,225
226,http://dummyimage.com/174x100.png/ff4444/ffffff,762,226
227,http://dummyimage.com/122x100.png/ff4444/ffffff,366,227
228,http://dummyimage.com/134x100.png/dddddd/000000,64,228
229,http://dummyimage.com/247x100.png/ff4444/ffffff,379,229
230,http://dummyimage.com/163x100.png/cc0000/ffffff,752,230
231,http://dummyimage.com/182x100.png/cc0000/ffffff,770,231
232,http://dummyimage.com/195x100.png/5fa2dd/ffffff,488,232
233,http://dummyimage.com/122x100.png/5fa2dd/ffffff,159,233
234,http://dummyimage.com/220x100.png/5fa2dd/ffffff,76,234
235,http://dummyimage.com/226x100.png/ff4444/ffffff,397,235
236,http://dummyimage.com/206x100.png/dddddd/000000,860,236
237,http://dummyimage.com/195x100.png/ff4444/ffffff,817,237
238,http://dummyimage.com/165x100.png/5fa2dd/ffffff,596,238
239,http://dummyimage.com/204x100.png/dddddd/000000,649,239
240,http://dummyimage.com/219x100.png/cc0000/ffffff,905,240
241,http://dummyimage.com/219x100.png/ff4444/ffffff,530,241
242,http://dummyimage.com/149x100.png/dddddd/000000,921,242
243,http://dummyimage.com/125x100.png/ff4444/ffffff,851,243
244,http://dummyimage.com/203x100.png/ff4444/ffffff,37,244
245,http://dummyimage.com/211x100.png/ff4444/ffffff,896,245
246,http://dummyimage.com/168x100.png/ff4444/ffffff,124,246
247,http://dummyimage.com/103x100.png/cc0000/ffffff,279,247
248,http://dummyimage.com/193x100.png/ff4444/ffffff,993,248
249,http://dummyimage.com/224x100.png/ff4444/ffffff,17,249
250,http://dummyimage.com/153x100.png/ff4444/ffffff,570,250
251,http://dummyimage.com/204x100.png/ff4444/ffffff,892,251
252,http://dummyimage.com/220x100.png/ff4444/ffffff,233,252
253,http://dummyimage.com/105x100.png/ff4444/ffffff,757,253
254,http://dummyimage.com/164x100.png/dddddd/000000,304,254
255,http://dummyimage.com/202x100.png/5fa2dd/ffffff,334,255
256,http://dummyimage.com/133x100.png/ff4444/ffffff,779,256
257,http://dummyimage.com/169x100.png/5fa2dd/ffffff,838,257
258,http://dummyimage.com/214x100.png/ff4444/ffffff,646,258
259,http://dummyimage.com/116x100.png/cc0000/ffffff,117,259
260,http://dummyimage.com/128x100.png/cc0000/ffffff,754,260
261,http://dummyimage.com/161x100.png/cc0000/ffffff,673,261
262,http://dummyimage.com/206x100.png/dddddd/000000,21,262
263,http://dummyimage.com/223x100.png/cc0000/ffffff,191,263
264,http://dummyimage.com/197x100.png/cc0000/ffffff,446,264
265,http://dummyimage.com/116x100.png/dddddd/000000,939,265
266,http://dummyimage.com/203x100.png/ff4444/ffffff,233,266
267,http://dummyimage.com/194x100.png/cc0000/ffffff,803,267
268,http://dummyimage.com/198x100.png/ff4444/ffffff,278,268
269,http://dummyimage.com/112x100.png/cc0000/ffffff,115,269
270,http://dummyimage.com/230x100.png/5fa2dd/ffffff,425,270
271,http://dummyimage.com/207x100.png/dddddd/000000,62,271
272,http://dummyimage.com/150x100.png/dddddd/000000,595,272
273,http://dummyimage.com/220x100.png/5fa2dd/ffffff,376,273
274,http://dummyimage.com/250x100.png/ff4444/ffffff,334,274
275,http://dummyimage.com/186x100.png/dddddd/000000,997,275
276,http://dummyimage.com/174x100.png/5fa2dd/ffffff,928,276
277,http://dummyimage.com/120x100.png/ff4444/ffffff,914,277
278,http://dummyimage.com/152x100.png/dddddd/000000,26,278
279,http://3.bp.blogspot.com/_KZYjBtEY_rU/SsNrfKj1W5I/AAAAAAAACvc/hbLHuZKLOvk/w1200-h630-p-k-no-nu/fachadas.jpg,953,279
280,http://dummyimage.com/163x100.png/5fa2dd/ffffff,248,280
281,http://dummyimage.com/181x100.png/ff4444/ffffff,389,281
282,http://dummyimage.com/210x100.png/cc0000/ffffff,523,282
283,http://dummyimage.com/193x100.png/5fa2dd/ffffff,210,283
284,http://dummyimage.com/207x100.png/cc0000/ffffff,475,284
285,http://dummyimage.com/110x100.png/5fa2dd/ffffff,527,285
286,http://dummyimage.com/206x100.png/cc0000/ffffff,971,286
287,http://dummyimage.com/188x100.png/dddddd/000000,857,287
288,http://dummyimage.com/111x100.png/5fa2dd/ffffff,613,288
289,http://dummyimage.com/237x100.png/cc0000/ffffff,314,289
290,http://dummyimage.com/225x100.png/5fa2dd/ffffff,4,290
291,http://dummyimage.com/228x100.png/dddddd/000000,371,291
292,http://dummyimage.com/143x100.png/cc0000/ffffff,820,292
293,http://dummyimage.com/129x100.png/cc0000/ffffff,682,293
294,http://dummyimage.com/137x100.png/cc0000/ffffff,257,294
295,http://dummyimage.com/250x100.png/ff4444/ffffff,125,295
296,http://dummyimage.com/160x100.png/cc0000/ffffff,578,296
297,http://dummyimage.com/162x100.png/5fa2dd/ffffff,914,297
298,http://dummyimage.com/240x100.png/ff4444/ffffff,554,298
299,http://dummyimage.com/144x100.png/cc0000/ffffff,461,299
300,http://dummyimage.com/183x100.png/ff4444/ffffff,740,300
301,http://dummyimage.com/247x100.png/cc0000/ffffff,211,301
302,http://dummyimage.com/167x100.png/ff4444/ffffff,342,302
303,http://dummyimage.com/238x100.png/5fa2dd/ffffff,347,303
304,http://dummyimage.com/118x100.png/dddddd/000000,131,304
305,http://dummyimage.com/229x100.png/ff4444/ffffff,335,305
306,http://dummyimage.com/244x100.png/5fa2dd/ffffff,315,306
307,http://dummyimage.com/160x100.png/5fa2dd/ffffff,934,307
308,http://dummyimage.com/204x100.png/dddddd/000000,954,308
309,http://dummyimage.com/175x100.png/cc0000/ffffff,450,309
310,http://dummyimage.com/218x100.png/dddddd/000000,444,310
311,http://dummyimage.com/173x100.png/cc0000/ffffff,599,311
312,http://dummyimage.com/211x100.png/5fa2dd/ffffff,761,312
313,http://dummyimage.com/187x100.png/ff4444/ffffff,128,313
314,http://dummyimage.com/160x100.png/cc0000/ffffff,132,314
315,http://dummyimage.com/101x100.png/dddddd/000000,61,315
316,http://dummyimage.com/212x100.png/cc0000/ffffff,685,316
317,http://dummyimage.com/160x100.png/5fa2dd/ffffff,993,317
318,http://dummyimage.com/191x100.png/ff4444/ffffff,879,318
319,http://dummyimage.com/188x100.png/cc0000/ffffff,117,319
320,http://dummyimage.com/150x100.png/cc0000/ffffff,587,320
321,http://dummyimage.com/213x100.png/dddddd/000000,875,321
322,https://i0.wp.com/www.encantadordeperros.es/wp-content/uploads/2018/11/p1-1.jpg?resize=805%2C452&ssl=1,415,322
323,http://dummyimage.com/157x100.png/ff4444/ffffff,586,323
324,http://dummyimage.com/181x100.png/ff4444/ffffff,174,324
325,http://dummyimage.com/152x100.png/cc0000/ffffff,301,325
326,http://dummyimage.com/141x100.png/dddddd/000000,329,326
327,http://dummyimage.com/189x100.png/dddddd/000000,157,327
328,http://dummyimage.com/174x100.png/ff4444/ffffff,751,328
329,http://dummyimage.com/230x100.png/dddddd/000000,998,329
330,http://dummyimage.com/230x100.png/ff4444/ffffff,987,330
331,http://dummyimage.com/216x100.png/5fa2dd/ffffff,299,331
332,http://dummyimage.com/119x100.png/ff4444/ffffff,89,332
333,http://dummyimage.com/156x100.png/dddddd/000000,141,333
334,http://dummyimage.com/176x100.png/dddddd/000000,896,334
335,http://dummyimage.com/173x100.png/5fa2dd/ffffff,234,335
336,http://dummyimage.com/172x100.png/cc0000/ffffff,802,336
337,http://dummyimage.com/149x100.png/5fa2dd/ffffff,193,337
338,http://dummyimage.com/191x100.png/cc0000/ffffff,746,338
339,http://dummyimage.com/125x100.png/dddddd/000000,152,339
340,http://dummyimage.com/176x100.png/cc0000/ffffff,6,340
341,http://dummyimage.com/142x100.png/5fa2dd/ffffff,452,341
342,http://dummyimage.com/151x100.png/ff4444/ffffff,917,342
343,http://dummyimage.com/216x100.png/ff4444/ffffff,518,343
344,http://dummyimage.com/236x100.png/5fa2dd/ffffff,792,344
345,http://dummyimage.com/244x100.png/ff4444/ffffff,627,345
346,http://dummyimage.com/172x100.png/ff4444/ffffff,200,346
347,http://dummyimage.com/166x100.png/5fa2dd/ffffff,935,347
348,http://dummyimage.com/186x100.png/cc0000/ffffff,404,348
349,http://dummyimage.com/220x100.png/dddddd/000000,837,349
350,http://dummyimage.com/220x100.png/ff4444/ffffff,393,350
351,http://dummyimage.com/101x100.png/ff4444/ffffff,350,351
352,http://dummyimage.com/150x100.png/dddddd/000000,968,352
353,http://dummyimage.com/240x100.png/cc0000/ffffff,36,353
354,http://dummyimage.com/102x100.png/5fa2dd/ffffff,965,354
355,http://dummyimage.com/231x100.png/cc0000/ffffff,19,355
356,http://dummyimage.com/163x100.png/cc0000/ffffff,280,356
357,https://encrypted-tbn0.gstatic.com/images?q=tbn:ANd9GcQD2uhGkveIshXZycqhXXD4-t8UdJ-zQgnDqw&usqp=CAU,393,357
358,http://dummyimage.com/181x100.png/ff4444/ffffff,344,358
359,http://dummyimage.com/109x100.png/ff4444/ffffff,677,359
360,http://dummyimage.com/178x100.png/cc0000/ffffff,336,360
361,http://dummyimage.com/147x100.png/5fa2dd/ffffff,6,361
362,http://dummyimage.com/129x100.png/dddddd/000000,248,362
363,http://dummyimage.com/139x100.png/ff4444/ffffff,939,363
364,http://dummyimage.com/163x100.png/dddddd/000000,863,364
365,http://dummyimage.com/246x100.png/dddddd/000000,180,365
366,http://dummyimage.com/209x100.png/cc0000/ffffff,447,366
367,http://dummyimage.com/108x100.png/5fa2dd/ffffff,169,367
368,http://dummyimage.com/175x100.png/dddddd/000000,309,368
369,http://dummyimage.com/102x100.png/dddddd/000000,532,369
370,http://dummyimage.com/126x100.png/ff4444/ffffff,424,370
371,http://dummyimage.com/203x100.png/5fa2dd/ffffff,74,371
372,http://dummyimage.com/178x100.png/dddddd/000000,36,372
373,http://dummyimage.com/128x100.png/cc0000/ffffff,978,373
374,http://dummyimage.com/144x100.png/ff4444/ffffff,934,374
375,http://dummyimage.com/230x100.png/ff4444/ffffff,361,375
376,http://dummyimage.com/142x100.png/5fa2dd/ffffff,870,376
377,http://dummyimage.com/185x100.png/cc0000/ffffff,968,377
378,http://dummyimage.com/248x100.png/5fa2dd/ffffff,494,378
379,http://dummyimage.com/135x100.png/5fa2dd/ffffff,460,379
380,http://dummyimage.com/216x100.png/dddddd/000000,960,380
381,http://dummyimage.com/125x100.png/cc0000/ffffff,656,381
382,http://dummyimage.com/203x100.png/dddddd/000000,523,382
383,http://dummyimage.com/242x100.png/dddddd/000000,740,383
384,http://dummyimage.com/158x100.png/5fa2dd/ffffff,294,384
385,http://dummyimage.com/180x100.png/cc0000/ffffff,300,385
386,http://dummyimage.com/192x100.png/cc0000/ffffff,940,386
387,http://dummyimage.com/129x100.png/ff4444/ffffff,971,387
388,http://dummyimage.com/200x100.png/dddddd/000000,37,388
389,http://dummyimage.com/138x100.png/ff4444/ffffff,277,389
390,http://dummyimage.com/146x100.png/cc0000/ffffff,972,390
391,http://dummyimage.com/185x100.png/ff4444/ffffff,864,391
392,http://dummyimage.com/121x100.png/5fa2dd/ffffff,831,392
393,http://dummyimage.com/142x100.png/ff4444/ffffff,912,393
394,http://dummyimage.com/238x100.png/5fa2dd/ffffff,117,394
395,http://dummyimage.com/121x100.png/5fa2dd/ffffff,346,395
396,http://dummyimage.com/163x100.png/ff4444/ffffff,866,396
397,http://dummyimage.com/178x100.png/5fa2dd/ffffff,332,397
398,http://dummyimage.com/198x100.png/5fa2dd/ffffff,475,398
399,http://dummyimage.com/150x100.png/5fa2dd/ffffff,875,399
400,http://dummyimage.com/175x100.png/5fa2dd/ffffff,985,400
401,http://dummyimage.com/172x100.png/dddddd/000000,358,401
402,http://dummyimage.com/237x100.png/5fa2dd/ffffff,669,402
403,http://dummyimage.com/117x100.png/dddddd/000000,821,403
404,http://dummyimage.com/156x100.png/cc0000/ffffff,75,404
405,http://dummyimage.com/220x100.png/dddddd/000000,215,405
406,http://dummyimage.com/164x100.png/ff4444/ffffff,771,406
407,http://dummyimage.com/141x100.png/5fa2dd/ffffff,57,407
408,http://dummyimage.com/138x100.png/5fa2dd/ffffff,854,408
409,http://dummyimage.com/241x100.png/ff4444/ffffff,210,409
410,http://dummyimage.com/148x100.png/dddddd/000000,32,410
411,http://dummyimage.com/172x100.png/ff4444/ffffff,950,411
412,http://dummyimage.com/113x100.png/dddddd/000000,963,412
413,http://dummyimage.com/231x100.png/ff4444/ffffff,96,413
414,http://dummyimage.com/177x100.png/ff4444/ffffff,362,414
415,http://dummyimage.com/109x100.png/cc0000/ffffff,510,415
416,http://dummyimage.com/208x100.png/5fa2dd/ffffff,864,416
417,http://dummyimage.com/132x100.png/cc0000/ffffff,722,417
418,http://dummyimage.com/200x100.png/5fa2dd/ffffff,719,418
419,http://dummyimage.com/109x100.png/dddddd/000000,654,419
420,http://dummyimage.com/106x100.png/cc0000/ffffff,827,420
421,http://dummyimage.com/126x100.png/5fa2dd/ffffff,852,421
422,http://dummyimage.com/231x100.png/5fa2dd/ffffff,398,422
423,http://dummyimage.com/101x100.png/dddddd/000000,769,423
424,http://dummyimage.com/108x100.png/5fa2dd/ffffff,392,424
425,http://dummyimage.com/199x100.png/ff4444/ffffff,361,425
426,http://dummyimage.com/181x100.png/cc0000/ffffff,957,426
427,http://dummyimage.com/124x100.png/5fa2dd/ffffff,608,427
428,http://dummyimage.com/172x100.png/dddddd/000000,931,428
429,http://dummyimage.com/248x100.png/cc0000/ffffff,58,429
430,http://dummyimage.com/207x100.png/5fa2dd/ffffff,77,430
431,http://dummyimage.com/237x100.png/ff4444/ffffff,581,431
432,http://dummyimage.com/107x100.png/ff4444/ffffff,533,432
433,http://dummyimage.com/215x100.png/5fa2dd/ffffff,898,433
434,http://dummyimage.com/118x100.png/dddddd/000000,476,434
435,http://dummyimage.com/110x100.png/5fa2dd/ffffff,926,435
436,http://dummyimage.com/187x100.png/ff4444/ffffff,830,436
437,http://dummyimage.com/119x100.png/cc0000/ffffff,334,437
438,http://dummyimage.com/183x100.png/dddddd/000000,246,438
439,http://dummyimage.com/165x100.png/5fa2dd/ffffff,568,439
440,http://dummyimage.com/115x100.png/ff4444/ffffff,25,440
441,http://dummyimage.com/210x100.png/ff4444/ffffff,113,441
442,http://dummyimage.com/100x100.png/5fa2dd/ffffff,527,442
443,http://dummyimage.com/228x100.png/dddddd/000000,973,443
444,http://dummyimage.com/129x100.png/ff4444/ffffff,197,444
445,http://dummyimage.com/103x100.png/ff4444/ffffff,620,445
446,http://dummyimage.com/144x100.png/ff4444/ffffff,104,446
447,http://dummyimage.com/200x100.png/ff4444/ffffff,183,447
448,http://dummyimage.com/225x100.png/dddddd/000000,284,448
449,http://dummyimage.com/172x100.png/dddddd/000000,87,449
450,http://dummyimage.com/187x100.png/ff4444/ffffff,14,450
451,http://dummyimage.com/212x100.png/dddddd/000000,1,451
452,http://dummyimage.com/112x100.png/5fa2dd/ffffff,450,452
453,http://dummyimage.com/154x100.png/ff4444/ffffff,396,453
454,http://dummyimage.com/141x100.png/dddddd/000000,409,454
455,http://dummyimage.com/156x100.png/cc0000/ffffff,836,455
456,http://dummyimage.com/230x100.png/ff4444/ffffff,969,456
457,http://dummyimage.com/143x100.png/cc0000/ffffff,832,457
458,http://dummyimage.com/119x100.png/cc0000/ffffff,80,458
459,http://dummyimage.com/121x100.png/ff4444/ffffff,296,459
460,http://dummyimage.com/233x100.png/cc0000/ffffff,691,460
461,http://dummyimage.com/100x100.png/ff4444/ffffff,825,461
462,http://dummyimage.com/209x100.png/5fa2dd/ffffff,192,462
463,http://dummyimage.com/247x100.png/dddddd/000000,909,463
464,http://dummyimage.com/207x100.png/cc0000/ffffff,97,464
465,http://dummyimage.com/177x100.png/cc0000/ffffff,907,465
466,http://dummyimage.com/113x100.png/cc0000/ffffff,965,466
467,http://dummyimage.com/114x100.png/dddddd/000000,824,467
468,http://dummyimage.com/228x100.png/cc0000/ffffff,105,468
469,http://dummyimage.com/241x100.png/dddddd/000000,845,469
470,http://dummyimage.com/215x100.png/5fa2dd/ffffff,756,470
471,http://dummyimage.com/175x100.png/cc0000/ffffff,987,471
472,http://dummyimage.com/196x100.png/5fa2dd/ffffff,504,472
473,http://dummyimage.com/180x100.png/5fa2dd/ffffff,476,473
474,http://dummyimage.com/152x100.png/dddddd/000000,990,474
475,http://dummyimage.com/152x100.png/cc0000/ffffff,440,475
476,http://dummyimage.com/125x100.png/dddddd/000000,789,476
477,http://dummyimage.com/190x100.png/ff4444/ffffff,18,477
478,http://dummyimage.com/243x100.png/5fa2dd/ffffff,470,478
479,http://dummyimage.com/124x100.png/cc0000/ffffff,704,479
480,http://dummyimage.com/100x100.png/cc0000/ffffff,156,480
481,http://dummyimage.com/147x100.png/ff4444/ffffff,74,481
482,http://dummyimage.com/132x100.png/dddddd/000000,933,482
483,http://dummyimage.com/222x100.png/5fa2dd/ffffff,917,483
484,http://dummyimage.com/109x100.png/dddddd/000000,108,484
485,http://dummyimage.com/107x100.png/ff4444/ffffff,58,485
486,http://dummyimage.com/179x100.png/ff4444/ffffff,25,486
487,http://dummyimage.com/239x100.png/dddddd/000000,379,487
488,http://dummyimage.com/164x100.png/cc0000/ffffff,201,488
489,http://dummyimage.com/215x100.png/dddddd/000000,963,489
490,http://dummyimage.com/249x100.png/ff4444/ffffff,26,490
491,http://dummyimage.com/187x100.png/dddddd/000000,588,491
492,http://dummyimage.com/165x100.png/ff4444/ffffff,268,492
493,http://dummyimage.com/239x100.png/cc0000/ffffff,910,493
494,http://dummyimage.com/174x100.png/ff4444/ffffff,944,494
495,http://dummyimage.com/154x100.png/ff4444/ffffff,83,495
496,http://dummyimage.com/102x100.png/ff4444/ffffff,783,496
497,http://dummyimage.com/171x100.png/ff4444/ffffff,747,497
498,http://dummyimage.com/132x100.png/dddddd/000000,263,498
499,http://dummyimage.com/213x100.png/5fa2dd/ffffff,245,499
500,http://dummyimage.com/248x100.png/dddddd/000000,865,500
501,http://dummyimage.com/129x100.png/dddddd/000000,403,501
502,http://dummyimage.com/132x100.png/5fa2dd/ffffff,161,502
503,http://dummyimage.com/185x100.png/dddddd/000000,680,503
504,http://dummyimage.com/125x100.png/5fa2dd/ffffff,411,504
505,http://dummyimage.com/113x100.png/cc0000/ffffff,12,505
506,http://dummyimage.com/105x100.png/cc0000/ffffff,908,506
507,http://dummyimage.com/105x100.png/cc0000/ffffff,53,507
508,http://dummyimage.com/240x100.png/cc0000/ffffff,763,508
509,http://dummyimage.com/243x100.png/cc0000/ffffff,867,509
510,http://dummyimage.com/102x100.png/ff4444/ffffff,360,510
511,http://dummyimage.com/107x100.png/cc0000/ffffff,483,511
512,http://dummyimage.com/134x100.png/dddddd/000000,823,512
513,http://dummyimage.com/217x100.png/cc0000/ffffff,123,513
514,http://dummyimage.com/229x100.png/ff4444/ffffff,390,514
515,https://i.pinimg.com/originals/a7/29/84/a72984424702de993c3592e00b910ff9.jpg,534,515
516,http://dummyimage.com/233x100.png/5fa2dd/ffffff,830,516
517,http://dummyimage.com/100x100.png/5fa2dd/ffffff,156,517
518,http://dummyimage.com/232x100.png/cc0000/ffffff,299,518
519,http://dummyimage.com/227x100.png/ff4444/ffffff,13,519
520,http://dummyimage.com/172x100.png/5fa2dd/ffffff,160,520
521,http://dummyimage.com/194x100.png/ff4444/ffffff,579,521
522,http://dummyimage.com/247x100.png/5fa2dd/ffffff,359,522
523,http://dummyimage.com/195x100.png/ff4444/ffffff,481,523
524,http://dummyimage.com/227x100.png/cc0000/ffffff,517,524
525,http://dummyimage.com/210x100.png/ff4444/ffffff,211,525
526,http://dummyimage.com/122x100.png/ff4444/ffffff,691,526
527,http://dummyimage.com/205x100.png/5fa2dd/ffffff,871,527
528,http://dummyimage.com/123x100.png/cc0000/ffffff,308,528
529,http://dummyimage.com/221x100.png/dddddd/000000,797,529
530,http://dummyimage.com/165x100.png/dddddd/000000,486,530
531,http://dummyimage.com/216x100.png/dddddd/000000,361,531
532,http://dummyimage.com/242x100.png/cc0000/ffffff,753,532
533,http://dummyimage.com/250x100.png/dddddd/000000,544,533
534,http://dummyimage.com/185x100.png/cc0000/ffffff,929,534
535,http://dummyimage.com/193x100.png/ff4444/ffffff,335,535
536,http://dummyimage.com/167x100.png/5fa2dd/ffffff,810,536
537,http://dummyimage.com/173x100.png/cc0000/ffffff,295,537
538,http://dummyimage.com/243x100.png/5fa2dd/ffffff,27,538
539,http://dummyimage.com/130x100.png/cc0000/ffffff,988,539
540,http://dummyimage.com/220x100.png/cc0000/ffffff,860,540
541,http://dummyimage.com/225x100.png/dddddd/000000,704,541
542,http://dummyimage.com/157x100.png/5fa2dd/ffffff,729,542
543,http://dummyimage.com/192x100.png/ff4444/ffffff,458,543
544,http://dummyimage.com/217x100.png/dddddd/000000,864,544
545,http://dummyimage.com/221x100.png/cc0000/ffffff,346,545
546,http://dummyimage.com/217x100.png/dddddd/000000,273,546
547,http://dummyimage.com/213x100.png/dddddd/000000,650,547
548,http://dummyimage.com/184x100.png/cc0000/ffffff,407,548
549,http://dummyimage.com/122x100.png/dddddd/000000,726,549
550,http://dummyimage.com/245x100.png/cc0000/ffffff,7,550
551,http://dummyimage.com/207x100.png/dddddd/000000,641,551
552,http://dummyimage.com/138x100.png/cc0000/ffffff,912,552
553,http://dummyimage.com/109x100.png/5fa2dd/ffffff,582,553
554,http://dummyimage.com/134x100.png/ff4444/ffffff,867,554
555,http://dummyimage.com/227x100.png/ff4444/ffffff,288,555
556,http://dummyimage.com/228x100.png/cc0000/ffffff,722,556
557,http://dummyimage.com/139x100.png/5fa2dd/ffffff,26,557
558,http://dummyimage.com/136x100.png/ff4444/ffffff,641,558
559,http://dummyimage.com/249x100.png/cc0000/ffffff,780,559
560,http://dummyimage.com/155x100.png/5fa2dd/ffffff,966,560
561,http://dummyimage.com/201x100.png/cc0000/ffffff,347,561
562,http://dummyimage.com/215x100.png/ff4444/ffffff,581,562
563,http://dummyimage.com/220x100.png/cc0000/ffffff,197,563
564,http://dummyimage.com/113x100.png/dddddd/000000,120,564
565,http://dummyimage.com/176x100.png/dddddd/000000,302,565
566,http://dummyimage.com/200x100.png/5fa2dd/ffffff,864,566
567,http://dummyimage.com/101x100.png/dddddd/000000,974,567
568,http://dummyimage.com/149x100.png/5fa2dd/ffffff,106,568
569,http://dummyimage.com/190x100.png/cc0000/ffffff,771,569
570,http://dummyimage.com/106x100.png/5fa2dd/ffffff,402,570
571,http://dummyimage.com/250x100.png/ff4444/ffffff,827,571
572,http://dummyimage.com/148x100.png/cc0000/ffffff,126,572
573,http://dummyimage.com/136x100.png/dddddd/000000,187,573
574,http://dummyimage.com/218x100.png/dddddd/000000,193,574
575,http://dummyimage.com/138x100.png/ff4444/ffffff,795,575
576,http://dummyimage.com/208x100.png/dddddd/000000,493,576
577,http://dummyimage.com/122x100.png/5fa2dd/ffffff,541,577
578,http://dummyimage.com/187x100.png/cc0000/ffffff,284,578
579,http://dummyimage.com/131x100.png/dddddd/000000,142,579
580,http://dummyimage.com/171x100.png/cc0000/ffffff,498,580
581,http://dummyimage.com/229x100.png/ff4444/ffffff,297,581
582,http://dummyimage.com/234x100.png/ff4444/ffffff,971,582
583,http://dummyimage.com/233x100.png/cc0000/ffffff,233,583
584,http://dummyimage.com/246x100.png/dddddd/000000,855,584
585,http://dummyimage.com/245x100.png/cc0000/ffffff,979,585
586,http://dummyimage.com/134x100.png/cc0000/ffffff,742,586
587,http://dummyimage.com/193x100.png/5fa2dd/ffffff,842,587
588,http://dummyimage.com/104x100.png/dddddd/000000,68,588
589,http://dummyimage.com/185x100.png/dddddd/000000,457,589
590,http://dummyimage.com/194x100.png/5fa2dd/ffffff,40,590
591,http://dummyimage.com/156x100.png/dddddd/000000,219,591
592,http://dummyimage.com/165x100.png/5fa2dd/ffffff,299,592
593,http://dummyimage.com/178x100.png/ff4444/ffffff,628,593
594,http://dummyimage.com/129x100.png/cc0000/ffffff,864,594
595,http://dummyimage.com/235x100.png/5fa2dd/ffffff,867,595
596,http://dummyimage.com/198x100.png/cc0000/ffffff,369,596
597,http://dummyimage.com/114x100.png/ff4444/ffffff,959,597
598,http://dummyimage.com/218x100.png/5fa2dd/ffffff,162,598
599,http://dummyimage.com/172x100.png/5fa2dd/ffffff,247,599
600,http://dummyimage.com/202x100.png/ff4444/ffffff,117,600
601,http://dummyimage.com/164x100.png/cc0000/ffffff,699,601
602,http://dummyimage.com/180x100.png/ff4444/ffffff,751,602
603,http://dummyimage.com/102x100.png/ff4444/ffffff,838,603
604,http://dummyimage.com/146x100.png/dddddd/000000,855,604
605,http://dummyimage.com/177x100.png/5fa2dd/ffffff,969,605
606,http://dummyimage.com/243x100.png/ff4444/ffffff,180,606
607,http://dummyimage.com/211x100.png/5fa2dd/ffffff,759,607
608,http://dummyimage.com/173x100.png/ff4444/ffffff,301,608
609,http://dummyimage.com/233x100.png/ff4444/ffffff,492,609
610,http://dummyimage.com/217x100.png/dddddd/000000,98,610
611,http://dummyimage.com/237x100.png/ff4444/ffffff,772,611
612,http://dummyimage.com/111x100.png/ff4444/ffffff,538,612
613,http://dummyimage.com/140x100.png/dddddd/000000,916,613
614,http://dummyimage.com/225x100.png/5fa2dd/ffffff,824,614
615,http://dummyimage.com/222x100.png/dddddd/000000,818,615
616,http://dummyimage.com/204x100.png/dddddd/000000,306,616
617,http://dummyimage.com/189x100.png/dddddd/000000,160,617
618,http://dummyimage.com/155x100.png/cc0000/ffffff,427,618
619,http://dummyimage.com/147x100.png/ff4444/ffffff,468,619
620,http://dummyimage.com/207x100.png/cc0000/ffffff,50,620
621,http://dummyimage.com/215x100.png/cc0000/ffffff,900,621
622,http://dummyimage.com/174x100.png/dddddd/000000,183,622
623,http://dummyimage.com/207x100.png/5fa2dd/ffffff,769,623
624,http://dummyimage.com/150x100.png/dddddd/000000,890,624
625,http://dummyimage.com/158x100.png/dddddd/000000,332,625
626,http://dummyimage.com/158x100.png/cc0000/ffffff,167,626
627,http://dummyimage.com/167x100.png/dddddd/000000,468,627
628,http://dummyimage.com/132x100.png/dddddd/000000,806,628
629,http://dummyimage.com/236x100.png/cc0000/ffffff,53,629
630,http://dummyimage.com/248x100.png/ff4444/ffffff,954,630
631,http://dummyimage.com/103x100.png/ff4444/ffffff,833,631
632,http://dummyimage.com/239x100.png/dddddd/000000,950,632
633,http://dummyimage.com/119x100.png/dddddd/000000,632,633
634,http://dummyimage.com/132x100.png/cc0000/ffffff,951,634
635,http://dummyimage.com/145x100.png/5fa2dd/ffffff,852,635
636,http://dummyimage.com/151x100.png/ff4444/ffffff,367,636
637,http://dummyimage.com/223x100.png/cc0000/ffffff,992,637
638,http://dummyimage.com/140x100.png/ff4444/ffffff,15,638
639,http://dummyimage.com/154x100.png/cc0000/ffffff,483,639
640,http://dummyimage.com/148x100.png/dddddd/000000,430,640
641,http://dummyimage.com/137x100.png/cc0000/ffffff,299,641
642,http://dummyimage.com/172x100.png/5fa2dd/ffffff,936,642
643,http://dummyimage.com/138x100.png/5fa2dd/ffffff,585,643
644,http://dummyimage.com/234x100.png/dddddd/000000,153,644
645,http://dummyimage.com/246x100.png/5fa2dd/ffffff,392,645
646,http://dummyimage.com/209x100.png/cc0000/ffffff,477,646
647,http://dummyimage.com/162x100.png/cc0000/ffffff,355,647
648,http://dummyimage.com/113x100.png/cc0000/ffffff,131,648
649,http://dummyimage.com/229x100.png/5fa2dd/ffffff,764,649
650,http://dummyimage.com/237x100.png/dddddd/000000,31,650
651,http://dummyimage.com/110x100.png/cc0000/ffffff,961,651
652,http://dummyimage.com/199x100.png/ff4444/ffffff,647,652
653,http://dummyimage.com/243x100.png/5fa2dd/ffffff,484,653
654,http://dummyimage.com/194x100.png/dddddd/000000,734,654
655,http://dummyimage.com/184x100.png/cc0000/ffffff,694,655
656,http://dummyimage.com/190x100.png/dddddd/000000,78,656
657,http://dummyimage.com/211x100.png/5fa2dd/ffffff,480,657
658,http://dummyimage.com/106x100.png/dddddd/000000,993,658
659,http://dummyimage.com/101x100.png/dddddd/000000,949,659
660,http://dummyimage.com/202x100.png/5fa2dd/ffffff,932,660
661,http://dummyimage.com/190x100.png/cc0000/ffffff,432,661
662,http://dummyimage.com/135x100.png/dddddd/000000,244,662
663,http://dummyimage.com/147x100.png/cc0000/ffffff,259,663
664,http://dummyimage.com/237x100.png/cc0000/ffffff,901,664
665,http://dummyimage.com/151x100.png/5fa2dd/ffffff,170,665
666,http://dummyimage.com/119x100.png/dddddd/000000,155,666
667,http://dummyimage.com/116x100.png/5fa2dd/ffffff,781,667
668,http://dummyimage.com/104x100.png/dddddd/000000,520,668
669,http://dummyimage.com/233x100.png/5fa2dd/ffffff,261,669
670,http://dummyimage.com/151x100.png/cc0000/ffffff,476,670
671,http://dummyimage.com/133x100.png/5fa2dd/ffffff,515,671
672,http://dummyimage.com/166x100.png/cc0000/ffffff,374,672
673,http://dummyimage.com/245x100.png/ff4444/ffffff,856,673
674,http://dummyimage.com/227x100.png/5fa2dd/ffffff,712,674
675,http://dummyimage.com/191x100.png/dddddd/000000,659,675
676,http://dummyimage.com/204x100.png/cc0000/ffffff,767,676
677,http://dummyimage.com/118x100.png/ff4444/ffffff,140,677
678,http://dummyimage.com/179x100.png/cc0000/ffffff,103,678
679,http://dummyimage.com/217x100.png/cc0000/ffffff,253,679
680,http://dummyimage.com/112x100.png/5fa2dd/ffffff,246,680
681,http://dummyimage.com/119x100.png/dddddd/000000,4,681
682,http://dummyimage.com/243x100.png/ff4444/ffffff,930,682
683,http://dummyimage.com/120x100.png/dddddd/000000,466,683
684,http://dummyimage.com/180x100.png/dddddd/000000,434,684
685,http://dummyimage.com/235x100.png/5fa2dd/ffffff,761,685
686,http://dummyimage.com/166x100.png/ff4444/ffffff,639,686
687,http://dummyimage.com/196x100.png/cc0000/ffffff,901,687
688,http://dummyimage.com/176x100.png/cc0000/ffffff,774,688
689,http://dummyimage.com/118x100.png/ff4444/ffffff,855,689
690,http://dummyimage.com/214x100.png/ff4444/ffffff,162,690
691,http://dummyimage.com/170x100.png/5fa2dd/ffffff,403,691
692,http://dummyimage.com/238x100.png/5fa2dd/ffffff,581,692
693,http://dummyimage.com/195x100.png/5fa2dd/ffffff,303,693
694,http://dummyimage.com/178x100.png/5fa2dd/ffffff,630,694
695,http://dummyimage.com/196x100.png/ff4444/ffffff,557,695
696,http://dummyimage.com/134x100.png/ff4444/ffffff,203,696
697,http://dummyimage.com/231x100.png/dddddd/000000,598,697
698,http://dummyimage.com/176x100.png/dddddd/000000,561,698
699,http://dummyimage.com/206x100.png/5fa2dd/ffffff,688,699
700,http://dummyimage.com/180x100.png/cc0000/ffffff,476,700
701,http://dummyimage.com/147x100.png/5fa2dd/ffffff,626,701
702,http://dummyimage.com/190x100.png/dddddd/000000,290,702
703,http://dummyimage.com/151x100.png/5fa2dd/ffffff,23,703
704,http://dummyimage.com/230x100.png/ff4444/ffffff,433,704
705,http://dummyimage.com/238x100.png/dddddd/000000,605,705
706,http://dummyimage.com/225x100.png/cc0000/ffffff,461,706
707,http://dummyimage.com/139x100.png/5fa2dd/ffffff,378,707
708,http://dummyimage.com/209x100.png/5fa2dd/ffffff,925,708
709,http://dummyimage.com/192x100.png/ff4444/ffffff,513,709
710,http://dummyimage.com/187x100.png/5fa2dd/ffffff,204,710
711,http://dummyimage.com/163x100.png/dddddd/000000,976,711
712,http://dummyimage.com/130x100.png/cc0000/ffffff,666,712
713,http://dummyimage.com/175x100.png/5fa2dd/ffffff,548,713
714,http://dummyimage.com/203x100.png/5fa2dd/ffffff,905,714
715,http://dummyimage.com/202x100.png/ff4444/ffffff,852,715
716,http://dummyimage.com/172x100.png/dddddd/000000,117,716
717,http://dummyimage.com/156x100.png/dddddd/000000,788,717
718,http://dummyimage.com/178x100.png/dddddd/000000,722,718
719,http://dummyimage.com/219x100.png/cc0000/ffffff,218,719
720,http://dummyimage.com/205x100.png/5fa2dd/ffffff,294,720
721,http://dummyimage.com/129x100.png/5fa2dd/ffffff,849,721
722,http://dummyimage.com/137x100.png/ff4444/ffffff,426,722
723,http://dummyimage.com/218x100.png/5fa2dd/ffffff,359,723
724,http://dummyimage.com/223x100.png/dddddd/000000,199,724
725,http://dummyimage.com/142x100.png/cc0000/ffffff,487,725
726,http://dummyimage.com/133x100.png/cc0000/ffffff,667,726
727,http://dummyimage.com/121x100.png/ff4444/ffffff,424,727
728,http://dummyimage.com/118x100.png/5fa2dd/ffffff,564,728
729,http://dummyimage.com/149x100.png/ff4444/ffffff,617,729
730,http://dummyimage.com/117x100.png/ff4444/ffffff,696,730
731,http://dummyimage.com/114x100.png/cc0000/ffffff,927,731
732,http://dummyimage.com/215x100.png/dddddd/000000,699,732
733,http://dummyimage.com/207x100.png/ff4444/ffffff,626,733
734,http://dummyimage.com/120x100.png/ff4444/ffffff,948,734
735,http://dummyimage.com/135x100.png/5fa2dd/ffffff,235,735
736,http://dummyimage.com/224x100.png/5fa2dd/ffffff,231,736
737,http://dummyimage.com/218x100.png/cc0000/ffffff,37,737
738,http://dummyimage.com/172x100.png/ff4444/ffffff,123,738
739,http://dummyimage.com/194x100.png/cc0000/ffffff,412,739
740,http://dummyimage.com/243x100.png/ff4444/ffffff,332,740
741,http://dummyimage.com/174x100.png/dddddd/000000,794,741
742,http://dummyimage.com/160x100.png/5fa2dd/ffffff,556,742
743,http://dummyimage.com/220x100.png/cc0000/ffffff,753,743
744,http://dummyimage.com/119x100.png/ff4444/ffffff,914,744
745,http://dummyimage.com/114x100.png/ff4444/ffffff,370,745
746,http://dummyimage.com/212x100.png/5fa2dd/ffffff,458,746
747,http://dummyimage.com/228x100.png/5fa2dd/ffffff,83,747
748,http://dummyimage.com/110x100.png/ff4444/ffffff,86,748
749,http://dummyimage.com/186x100.png/cc0000/ffffff,188,749
750,http://dummyimage.com/126x100.png/dddddd/000000,276,750
751,http://dummyimage.com/140x100.png/ff4444/ffffff,544,751
752,http://dummyimage.com/235x100.png/ff4444/ffffff,74,752
753,http://dummyimage.com/218x100.png/cc0000/ffffff,717,753
754,http://dummyimage.com/171x100.png/5fa2dd/ffffff,664,754
755,http://dummyimage.com/198x100.png/cc0000/ffffff,616,755
756,http://dummyimage.com/188x100.png/cc0000/ffffff,890,756
757,http://dummyimage.com/101x100.png/ff4444/ffffff,823,757
758,http://dummyimage.com/147x100.png/5fa2dd/ffffff,100,758
759,http://dummyimage.com/218x100.png/cc0000/ffffff,307,759
760,http://dummyimage.com/207x100.png/dddddd/000000,762,760
761,http://dummyimage.com/193x100.png/cc0000/ffffff,694,761
762,http://dummyimage.com/161x100.png/dddddd/000000,665,762
763,http://dummyimage.com/191x100.png/5fa2dd/ffffff,835,763
764,http://dummyimage.com/204x100.png/cc0000/ffffff,364,764
765,http://dummyimage.com/182x100.png/5fa2dd/ffffff,718,765
766,http://dummyimage.com/162x100.png/ff4444/ffffff,829,766
767,http://dummyimage.com/125x100.png/ff4444/ffffff,341,767
768,http://dummyimage.com/199x100.png/ff4444/ffffff,619,768
769,http://dummyimage.com/162x100.png/5fa2dd/ffffff,248,769
770,http://dummyimage.com/178x100.png/5fa2dd/ffffff,443,770
771,http://dummyimage.com/190x100.png/5fa2dd/ffffff,255,771
772,http://dummyimage.com/205x100.png/ff4444/ffffff,722,772
773,http://dummyimage.com/186x100.png/5fa2dd/ffffff,687,773
774,http://dummyimage.com/155x100.png/ff4444/ffffff,311,774
775,http://dummyimage.com/121x100.png/dddddd/000000,755,775
776,http://dummyimage.com/159x100.png/cc0000/ffffff,714,776
777,http://dummyimage.com/175x100.png/dddddd/000000,481,777
778,http://dummyimage.com/159x100.png/5fa2dd/ffffff,548,778
779,http://dummyimage.com/211x100.png/cc0000/ffffff,624,779
780,http://dummyimage.com/142x100.png/ff4444/ffffff,559,780
781,http://dummyimage.com/135x100.png/5fa2dd/ffffff,814,781
782,http://dummyimage.com/172x100.png/cc0000/ffffff,794,782
783,http://dummyimage.com/120x100.png/cc0000/ffffff,714,783
784,http://dummyimage.com/198x100.png/ff4444/ffffff,627,784
785,http://dummyimage.com/203x100.png/5fa2dd/ffffff,131,785
786,http://dummyimage.com/210x100.png/cc0000/ffffff,717,786
787,http://dummyimage.com/240x100.png/ff4444/ffffff,51,787
788,http://dummyimage.com/204x100.png/ff4444/ffffff,70,788
789,http://dummyimage.com/139x100.png/cc0000/ffffff,919,789
790,http://dummyimage.com/194x100.png/dddddd/000000,418,790
791,http://dummyimage.com/116x100.png/5fa2dd/ffffff,989,791
792,http://dummyimage.com/243x100.png/cc0000/ffffff,488,792
793,http://dummyimage.com/243x100.png/cc0000/ffffff,590,793
794,http://dummyimage.com/137x100.png/dddddd/000000,867,794
795,http://dummyimage.com/207x100.png/5fa2dd/ffffff,210,795
796,http://dummyimage.com/179x100.png/cc0000/ffffff,815,796
797,http://dummyimage.com/171x100.png/5fa2dd/ffffff,162,797
798,http://dummyimage.com/206x100.png/ff4444/ffffff,840,798
799,http://dummyimage.com/160x100.png/dddddd/000000,567,799
800,http://dummyimage.com/159x100.png/5fa2dd/ffffff,165,800
801,http://dummyimage.com/176x100.png/cc0000/ffffff,175,801
802,http://dummyimage.com/124x100.png/dddddd/000000,549,802
803,http://dummyimage.com/231x100.png/ff4444/ffffff,41,803
804,http://dummyimage.com/213x100.png/dddddd/000000,119,804
805,http://dummyimage.com/154x100.png/cc0000/ffffff,944,805
806,http://dummyimage.com/209x100.png/dddddd/000000,284,806
807,http://dummyimage.com/119x100.png/5fa2dd/ffffff,294,807
808,http://dummyimage.com/186x100.png/cc0000/ffffff,119,808
809,http://dummyimage.com/245x100.png/dddddd/000000,416,809
810,http://dummyimage.com/119x100.png/ff4444/ffffff,124,810
811,http://dummyimage.com/193x100.png/dddddd/000000,329,811
812,http://dummyimage.com/134x100.png/cc0000/ffffff,310,812
813,http://dummyimage.com/171x100.png/ff4444/ffffff,672,813
814,http://dummyimage.com/131x100.png/ff4444/ffffff,456,814
815,http://dummyimage.com/225x100.png/cc0000/ffffff,622,815
816,http://dummyimage.com/154x100.png/cc0000/ffffff,512,816
817,http://dummyimage.com/116x100.png/ff4444/ffffff,609,817
818,http://dummyimage.com/180x100.png/ff4444/ffffff,152,818
819,http://dummyimage.com/129x100.png/5fa2dd/ffffff,146,819
820,http://dummyimage.com/232x100.png/5fa2dd/ffffff,603,820
821,http://dummyimage.com/132x100.png/dddddd/000000,476,821
822,http://dummyimage.com/210x100.png/5fa2dd/ffffff,223,822
823,http://dummyimage.com/192x100.png/cc0000/ffffff,660,823
824,http://dummyimage.com/104x100.png/dddddd/000000,384,824
825,http://dummyimage.com/179x100.png/5fa2dd/ffffff,101,825
826,http://dummyimage.com/234x100.png/5fa2dd/ffffff,808,826
827,http://dummyimage.com/106x100.png/dddddd/000000,932,827
828,http://dummyimage.com/229x100.png/5fa2dd/ffffff,520,828
829,http://dummyimage.com/145x100.png/ff4444/ffffff,537,829
830,http://dummyimage.com/129x100.png/dddddd/000000,28,830
831,http://dummyimage.com/141x100.png/5fa2dd/ffffff,801,831
832,http://dummyimage.com/245x100.png/dddddd/000000,450,832
833,http://dummyimage.com/239x100.png/5fa2dd/ffffff,316,833
834,http://dummyimage.com/245x100.png/5fa2dd/ffffff,504,834
835,http://dummyimage.com/238x100.png/5fa2dd/ffffff,200,835
836,http://dummyimage.com/247x100.png/dddddd/000000,565,836
837,http://dummyimage.com/183x100.png/dddddd/000000,982,837
838,http://dummyimage.com/110x100.png/cc0000/ffffff,294,838
839,http://dummyimage.com/213x100.png/5fa2dd/ffffff,223,839
840,http://dummyimage.com/153x100.png/5fa2dd/ffffff,192,840
841,http://dummyimage.com/247x100.png/cc0000/ffffff,514,841
842,http://dummyimage.com/205x100.png/5fa2dd/ffffff,74,842
843,http://dummyimage.com/206x100.png/ff4444/ffffff,49,843
844,http://dummyimage.com/179x100.png/cc0000/ffffff,11,844
845,http://dummyimage.com/168x100.png/ff4444/ffffff,269,845
846,http://dummyimage.com/158x100.png/ff4444/ffffff,690,846
847,http://dummyimage.com/223x100.png/dddddd/000000,633,847
848,http://dummyimage.com/182x100.png/cc0000/ffffff,324,848
849,http://dummyimage.com/113x100.png/5fa2dd/ffffff,516,849
850,http://dummyimage.com/192x100.png/ff4444/ffffff,275,850
851,http://dummyimage.com/144x100.png/5fa2dd/ffffff,482,851
852,http://dummyimage.com/150x100.png/dddddd/000000,227,852
853,http://dummyimage.com/142x100.png/5fa2dd/ffffff,12,853
854,http://dummyimage.com/153x100.png/5fa2dd/ffffff,816,854
855,http://dummyimage.com/130x100.png/5fa2dd/ffffff,662,855
856,http://dummyimage.com/198x100.png/cc0000/ffffff,900,856
857,http://dummyimage.com/164x100.png/ff4444/ffffff,689,857
858,http://dummyimage.com/247x100.png/5fa2dd/ffffff,499,858
859,http://dummyimage.com/219x100.png/5fa2dd/ffffff,155,859
860,http://dummyimage.com/203x100.png/5fa2dd/ffffff,534,860
861,http://dummyimage.com/179x100.png/cc0000/ffffff,943,861
862,http://dummyimage.com/166x100.png/5fa2dd/ffffff,538,862
863,http://dummyimage.com/158x100.png/cc0000/ffffff,170,863
864,http://dummyimage.com/185x100.png/ff4444/ffffff,534,864
865,http://dummyimage.com/183x100.png/ff4444/ffffff,798,865
866,http://dummyimage.com/115x100.png/ff4444/ffffff,922,866
867,http://dummyimage.com/156x100.png/cc0000/ffffff,615,867
868,http://dummyimage.com/160x100.png/ff4444/ffffff,715,868
869,http://dummyimage.com/231x100.png/5fa2dd/ffffff,747,869
870,http://dummyimage.com/175x100.png/cc0000/ffffff,371,870
871,http://dummyimage.com/247x100.png/dddddd/000000,815,871
872,http://dummyimage.com/172x100.png/5fa2dd/ffffff,93,872
873,http://dummyimage.com/108x100.png/dddddd/000000,766,873
874,http://dummyimage.com/214x100.png/5fa2dd/ffffff,376,874
875,http://dummyimage.com/178x100.png/dddddd/000000,306,875
876,http://dummyimage.com/230x100.png/ff4444/ffffff,644,876
877,http://dummyimage.com/133x100.png/dddddd/000000,366,877
878,http://dummyimage.com/213x100.png/ff4444/ffffff,385,878
879,http://dummyimage.com/191x100.png/5fa2dd/ffffff,944,879
880,http://dummyimage.com/152x100.png/dddddd/000000,428,880
881,http://dummyimage.com/163x100.png/5fa2dd/ffffff,119,881
882,http://dummyimage.com/144x100.png/dddddd/000000,813,882
883,http://dummyimage.com/168x100.png/cc0000/ffffff,110,883
884,http://dummyimage.com/239x100.png/ff4444/ffffff,42,884
885,http://dummyimage.com/196x100.png/ff4444/ffffff,146,885
886,http://dummyimage.com/110x100.png/5fa2dd/ffffff,572,886
887,http://dummyimage.com/250x100.png/dddddd/000000,427,887
888,http://dummyimage.com/203x100.png/dddddd/000000,209,888
889,http://dummyimage.com/113x100.png/dddddd/000000,753,889
890,http://dummyimage.com/173x100.png/ff4444/ffffff,382,890
891,http://dummyimage.com/108x100.png/cc0000/ffffff,720,891
892,http://dummyimage.com/109x100.png/cc0000/ffffff,309,892
893,http://dummyimage.com/136x100.png/5fa2dd/ffffff,661,893
894,http://dummyimage.com/156x100.png/dddddd/000000,86,894
895,http://dummyimage.com/217x100.png/cc0000/ffffff,954,895
896,http://dummyimage.com/168x100.png/ff4444/ffffff,408,896
897,http://dummyimage.com/242x100.png/cc0000/ffffff,772,897
898,http://dummyimage.com/128x100.png/dddddd/000000,211,898
899,http://dummyimage.com/142x100.png/dddddd/000000,511,899
900,http://dummyimage.com/169x100.png/5fa2dd/ffffff,19,900
901,http://dummyimage.com/204x100.png/5fa2dd/ffffff,17,901
902,http://dummyimage.com/128x100.png/ff4444/ffffff,241,902
903,http://dummyimage.com/120x100.png/5fa2dd/ffffff,686,903
904,http://dummyimage.com/248x100.png/cc0000/ffffff,509,904
905,http://dummyimage.com/246x100.png/ff4444/ffffff,501,905
906,http://dummyimage.com/188x100.png/cc0000/ffffff,683,906
907,http://dummyimage.com/103x100.png/dddddd/000000,578,907
908,http://dummyimage.com/122x100.png/cc0000/ffffff,460,908
909,http://dummyimage.com/160x100.png/cc0000/ffffff,399,909
910,http://dummyimage.com/124x100.png/cc0000/ffffff,112,910
911,http://dummyimage.com/204x100.png/5fa2dd/ffffff,64,911
912,http://dummyimage.com/209x100.png/ff4444/ffffff,28,912
913,http://dummyimage.com/213x100.png/cc0000/ffffff,516,913
914,http://dummyimage.com/209x100.png/dddddd/000000,338,914
915,http://dummyimage.com/216x100.png/dddddd/000000,986,915
916,http://dummyimage.com/110x100.png/5fa2dd/ffffff,682,916
917,http://dummyimage.com/128x100.png/cc0000/ffffff,958,917
918,http://dummyimage.com/141x100.png/5fa2dd/ffffff,860,918
919,http://dummyimage.com/191x100.png/dddddd/000000,575,919
920,http://dummyimage.com/140x100.png/dddddd/000000,248,920
921,http://dummyimage.com/249x100.png/dddddd/000000,781,921
922,http://dummyimage.com/134x100.png/5fa2dd/ffffff,53,922
923,http://dummyimage.com/227x100.png/5fa2dd/ffffff,218,923
924,http://dummyimage.com/185x100.png/5fa2dd/ffffff,506,924
925,http://dummyimage.com/117x100.png/ff4444/ffffff,821,925
926,http://dummyimage.com/208x100.png/cc0000/ffffff,162,926
927,https://i.pinimg.com/736x/78/74/31/787431f85c7f873dfb911e7d3c65730c.jpg,574,927
928,http://dummyimage.com/193x100.png/dddddd/000000,711,928
929,http://dummyimage.com/120x100.png/cc0000/ffffff,845,929
930,http://dummyimage.com/201x100.png/ff4444/ffffff,774,930
931,http://dummyimage.com/139x100.png/5fa2dd/ffffff,391,931
932,http://dummyimage.com/213x100.png/cc0000/ffffff,388,932
933,http://dummyimage.com/181x100.png/cc0000/ffffff,622,933
934,http://dummyimage.com/192x100.png/dddddd/000000,242,934
935,http://dummyimage.com/187x100.png/cc0000/ffffff,763,935
936,http://dummyimage.com/198x100.png/ff4444/ffffff,974,936
937,http://dummyimage.com/193x100.png/ff4444/ffffff,477,937
938,https://assets.puzzlefactory.pl/puzzle/332/926/original.jpg,191,938
939,http://dummyimage.com/124x100.png/5fa2dd/ffffff,775,939
940,http://dummyimage.com/230x100.png/ff4444/ffffff,844,940
941,http://dummyimage.com/179x100.png/5fa2dd/ffffff,20,941
942,http://dummyimage.com/219x100.png/cc0000/ffffff,173,942
943,http://dummyimage.com/108x100.png/ff4444/ffffff,936,943
944,http://dummyimage.com/111x100.png/dddddd/000000,816,944
945,http://dummyimage.com/156x100.png/dddddd/000000,581,945
946,http://dummyimage.com/216x100.png/ff4444/ffffff,237,946
947,http://dummyimage.com/181x100.png/5fa2dd/ffffff,360,947
948,http://dummyimage.com/154x100.png/5fa2dd/ffffff,952,948
949,http://dummyimage.com/132x100.png/cc0000/ffffff,104,949
950,http://dummyimage.com/145x100.png/cc0000/ffffff,258,950
951,http://dummyimage.com/227x100.png/ff4444/ffffff,584,951
952,http://dummyimage.com/191x100.png/cc0000/ffffff,1000,952
953,http://dummyimage.com/214x100.png/dddddd/000000,734,953
954,http://dummyimage.com/247x100.png/dddddd/000000,141,954
955,http://dummyimage.com/160x100.png/ff4444/ffffff,253,955
956,http://dummyimage.com/192x100.png/ff4444/ffffff,147,956
957,http://dummyimage.com/195x100.png/5fa2dd/ffffff,326,957
958,http://dummyimage.com/173x100.png/5fa2dd/ffffff,941,958
959,http://dummyimage.com/228x100.png/5fa2dd/ffffff,315,959
960,http://dummyimage.com/123x100.png/dddddd/000000,924,960
961,http://dummyimage.com/178x100.png/dddddd/000000,625,961
962,http://dummyimage.com/208x100.png/dddddd/000000,671,962
963,http://dummyimage.com/155x100.png/ff4444/ffffff,213,963
964,http://dummyimage.com/154x100.png/cc0000/ffffff,383,964
965,http://dummyimage.com/102x100.png/cc0000/ffffff,263,965
966,http://dummyimage.com/227x100.png/ff4444/ffffff,382,966
967,http://dummyimage.com/244x100.png/cc0000/ffffff,707,967
968,http://dummyimage.com/204x100.png/5fa2dd/ffffff,668,968
969,http://dummyimage.com/171x100.png/dddddd/000000,958,969
970,http://dummyimage.com/248x100.png/5fa2dd/ffffff,187,970
971,http://dummyimage.com/218x100.png/dddddd/000000,154,971
972,http://dummyimage.com/175x100.png/ff4444/ffffff,787,972
973,http://dummyimage.com/118x100.png/dddddd/000000,81,973
974,http://dummyimage.com/131x100.png/cc0000/ffffff,131,974
975,http://dummyimage.com/110x100.png/dddddd/000000,817,975
976,http://dummyimage.com/224x100.png/cc0000/ffffff,839,976
977,http://dummyimage.com/238x100.png/cc0000/ffffff,201,977
978,http://dummyimage.com/186x100.png/ff4444/ffffff,821,978
979,http://dummyimage.com/212x100.png/dddddd/000000,905,979
980,http://dummyimage.com/101x100.png/ff4444/ffffff,462,980
981,http://dummyimage.com/150x100.png/ff4444/ffffff,762,981
982,http://dummyimage.com/142x100.png/ff4444/ffffff,841,982
983,http://dummyimage.com/102x100.png/cc0000/ffffff,687,983
984,http://dummyimage.com/115x100.png/dddddd/000000,264,984
985,http://dummyimage.com/205x100.png/5fa2dd/ffffff,615,985
986,http://dummyimage.com/121x100.png/dddddd/000000,112,986
987,http://dummyimage.com/142x100.png/cc0000/ffffff,27,987
988,http://dummyimage.com/187x100.png/cc0000/ffffff,506,988
989,http://dummyimage.com/194x100.png/dddddd/000000,439,989
990,http://dummyimage.com/243x100.png/ff4444/ffffff,205,990
991,http://dummyimage.com/220x100.png/5fa2dd/ffffff,337,991
992,http://dummyimage.com/223x100.png/dddddd/000000,212,992
993,http://dummyimage.com/124x100.png/ff4444/ffffff,643,993
994,http://dummyimage.com/201x100.png/cc0000/ffffff,776,994
995,http://dummyimage.com/146x100.png/5fa2dd/ffffff,612,995
996,http://dummyimage.com/206x100.png/ff4444/ffffff,387,996
997,http://dummyimage.com/222x100.png/cc0000/ffffff,555,997
998,http://dummyimage.com/133x100.png/dddddd/000000,415,998
999,http://dummyimage.com/219x100.png/dddddd/000000,556,999
1000,http://dummyimage.com/122x100.png/5fa2dd/ffffff,137,1000